{
    "settings": {
        "options": {
            "show_on_front": "page",
            "featured-content": false
        },
        "theme_mods": {
            "0": false,
            "nav_menu_locations": {
                "menu-1": "main-menu",
                "menu-2": null,
                "social": "social"
            },
            "custom_css_post_id": -1,
            "hide_front_page_title": true
        },
        "headstart": {
            "mapped_id_options": [],
            "mapped_id_theme_mods": [],
            "keep_submenu_items": true
        }
    },
    "widgets": [],
    "content": [
        {
            "post_type": "page",
            "post_title": "Socios",
            "post_content": "<!-- wp:columns -->\n<div class=\"wp-block-columns\"><!-- wp:column -->\n<div class=\"wp-block-column\"><!-- wp:image {\"id\":12,\"sizeSlug\":\"large\"} -->\n<figure class=\"wp-block-image size-large\"><img src=\"https://stratforddemo.files.wordpress.com/2019/08/logo6.png\" alt=\"\" class=\"wp-image-12\"  /></figure>\n<!-- /wp:image --></div>\n<!-- /wp:column -->\n\n<!-- wp:column -->\n<div class=\"wp-block-column\"><!-- wp:image {\"id\":11,\"sizeSlug\":\"large\"} -->\n<figure class=\"wp-block-image size-large\"><img src=\"https://stratforddemo.files.wordpress.com/2019/08/logo5.png\" alt=\"\" class=\"wp-image-11\"  /></figure>\n<!-- /wp:image --></div>\n<!-- /wp:column -->\n\n<!-- wp:column -->\n<div class=\"wp-block-column\"><!-- wp:image {\"id\":10,\"sizeSlug\":\"large\"} -->\n<figure class=\"wp-block-image size-large\"><img src=\"https://stratforddemo.files.wordpress.com/2019/08/logo4.png\" alt=\"\" class=\"wp-image-10\"  /></figure>\n<!-- /wp:image --></div>\n<!-- /wp:column -->\n\n<!-- wp:column -->\n<div class=\"wp-block-column\"><!-- wp:image {\"id\":9,\"sizeSlug\":\"large\"} -->\n<figure class=\"wp-block-image size-large\"><img src=\"https://stratforddemo.files.wordpress.com/2019/08/logo3.png\" alt=\"\" class=\"wp-image-9\"  /></figure>\n<!-- /wp:image --></div>\n<!-- /wp:column -->\n\n<!-- wp:column -->\n<div class=\"wp-block-column\"><!-- wp:image {\"id\":8,\"sizeSlug\":\"large\"} -->\n<figure class=\"wp-block-image size-large\"><img src=\"https://stratforddemo.files.wordpress.com/2019/08/logo2.png\" alt=\"\" class=\"wp-image-8\"  /></figure>\n<!-- /wp:image --></div>\n<!-- /wp:column --></div>\n<!-- /wp:columns -->",
            "post_name": "partners",
            "post_excerpt": "",
            "menu_order": 0,
            "post_status": "publish",
            "comment_status": "closed",
            "ping_status": "closed",
            "hs_old_id": 99,
            "hs_post_parent": 0,
            "hs_taxonomies": [],
            "hs_custom_meta": "_hs_extra"
        },
        {
            "post_type": "page",
            "post_title": "Contacto",
            "post_content": "<!-- wp:paragraph -->\n<p>¡Nos encantaría recibir noticias tuyas! Siempre es un placer responder a tus preguntas o recibir tus comentarios sobre cómo podemos mejorar nuestro servicio.</p>\n<!-- /wp:paragraph -->\n\n<!-- wp:spacer {\"height\":32,\"className\":\"desktop-only\"} -->\n<div style=\"height:32px;\" aria-hidden=\"true\" class=\"wp-block-spacer desktop-only\"></div>\n<!-- /wp:spacer -->\n\n<!-- wp:columns {\"align\":\"wide\"} -->\n<div class=\"wp-block-columns alignwide\"><!-- wp:column -->\n<div class=\"wp-block-column\"><!-- wp:heading -->\n<h2>Ponte en contacto</h2>\n<!-- /wp:heading -->\n\n<!-- wp:jetpack/contact-info -->\n<div class=\"wp-block-jetpack-contact-info\"><!-- wp:jetpack/address {\"address\":\"123 Main St.\",\"city\":\"Chicago\",\"region\":\"IL\",\"postal\":\"60007\",\"linkToGoogleMaps\":true} -->\n<div class=\"wp-block-jetpack-address\"><a href=\"https://www.google.com/maps/search/123+Main St.,+Chicago,+IL,+60007\" target=\"_blank\" rel=\"noopener noreferrer\" title=\"Abrir dirección en Google Maps\"><div class=\"jetpack-address__address jetpack-address__address1\">Calle principal, 123</div><div><span class=\"jetpack-address__city\">Bilbao</span>, <span class=\"jetpack-address__region\">País Vasco</span> <span class=\"jetpack-address__postal\">48071</span></div></a></div>\n<!-- /wp:jetpack/address -->\n\n<!-- wp:jetpack/phone {\"phone\":\"(555) 555 1234\"} -->\n<div class=\"wp-block-jetpack-phone\"><a href=\"tel:5555551234\">555 555 1234</a></div>\n<!-- /wp:jetpack/phone -->\n\n<!-- wp:jetpack/email {\"email\":\"mail@example.com\"} -->\n<div class=\"wp-block-jetpack-email\"><a href=\"mailto:mail@example.com\">correoelectronico@ejemplo.com</a></div>\n<!-- /wp:jetpack/email --></div>\n<!-- /wp:jetpack/contact-info --></div>\n<!-- /wp:column -->\n\n<!-- wp:column -->\n<div class=\"wp-block-column\"><!-- wp:heading -->\n<h2>Envíanos un mensaje</h2>\n<!-- /wp:heading -->\n\n<!-- wp:jetpack/contact-form -->\n<!-- wp:jetpack/field-name {\"required\":true} /-->\n\n<!-- wp:jetpack/field-email {\"required\":true} /-->\n\n<!-- wp:jetpack/field-url /-->\n\n<!-- wp:jetpack/field-textarea /-->\n<!-- /wp:jetpack/contact-form --></div>\n<!-- /wp:column --></div>\n<!-- /wp:columns -->",
            "post_name": "contact",
            "post_excerpt": "",
            "menu_order": 0,
            "post_status": "publish",
            "comment_status": "closed",
            "ping_status": "closed",
            "hs_old_id": 34,
            "hs_post_parent": 0,
            "hs_taxonomies": [],
            "hs_custom_meta": "_hs_extra"
        },
        {
            "post_type": "page",
            "post_title": "Noticias",
            "post_content": "",
            "post_name": "news-all",
            "post_excerpt": "",
            "menu_order": 0,
            "post_status": "publish",
            "comment_status": "closed",
            "ping_status": "closed",
            "hs_old_id": 19,
            "hs_post_parent": 0,
            "hs_taxonomies": [],
            "hs_custom_meta": "_hs_blog_page"
        },
        {
            "post_type": "page",
            "post_title": "Noticias",
            "post_content": "<!-- wp:cover {\"url\":\"https://bromptondemo.files.wordpress.com/2019/08/bar-cafe-container-furniture-1089570-1.jpg\",\"id\":109,\"dimRatio\":0,\"align\":\"full\"} -->\n<div class=\"wp-block-cover alignfull\" style=\"background-image:url('https://bromptondemo.files.wordpress.com/2019/08/bar-cafe-container-furniture-1089570-1.jpg');\"><div class=\"wp-block-cover__inner-container\"><!-- wp:paragraph {\"align\":\"center\",\"placeholder\":\"Write title…\",\"fontSize\":\"large\"} -->\n<p style=\"text-align:center;\" class=\"has-large-font-size\"></p>\n<!-- /wp:paragraph --></div></div>\n<!-- /wp:cover -->\n\n<!-- wp:a8c/posts-list {\"postsPerPage\":4} /-->\n\n<!-- wp:spacer {\"height\":32,\"className\":\"desktop-only\"} -->\n<div style=\"height:32px;\" aria-hidden=\"true\" class=\"wp-block-spacer desktop-only\"></div>\n<!-- /wp:spacer -->\n\n<!-- wp:separator {\"className\":\"is-style-wide\"} -->\n<hr class=\"wp-block-separator is-style-wide\"  />\n<!-- /wp:separator -->\n\n<!-- wp:spacer {\"height\":32,\"className\":\"desktop-only\"} -->\n<div style=\"height:32px;\" aria-hidden=\"true\" class=\"wp-block-spacer desktop-only\"></div>\n<!-- /wp:spacer -->\n\n<!-- wp:heading {\"level\":3} -->\n<h3>Sigue nuestro blog</h3>\n<!-- /wp:heading -->\n\n<!-- wp:paragraph -->\n<p>Recibe nuevo contenido directamente en tu bandeja de entrada.</p>\n<!-- /wp:paragraph -->\n\n<!-- wp:jetpack/subscriptions -->\n<div class=\"wp-block-jetpack-subscriptions\">[jetpack_subscription_form show_only_email_and_button=\"true\" custom_background_button_color=\"undefined\" custom_text_button_color=\"undefined\" submit_button_text=\"Subscribe\" submit_button_classes=\"undefined\" show_subscribers_total=\"false\" ]</div>\n<!-- /wp:jetpack/subscriptions -->",
            "post_name": "news",
            "post_excerpt": "",
            "menu_order": 0,
            "post_status": "publish",
            "comment_status": "closed",
            "ping_status": "closed",
            "hs_old_id": 14,
            "hs_post_parent": 0,
            "hs_taxonomies": [],
            "hs_custom_meta": "_hs_extra"
        },
        {
            "post_type": "page",
            "post_title": "Página de inicio",
            "post_content": "<!-- wp:cover {\"url\":\"https://bromptondemo.files.wordpress.com/2019/08/cafe-768771_1920.jpg\",\"id\":106,\"dimRatio\":0,\"align\":\"full\"} -->\n<div class=\"wp-block-cover alignfull\" style=\"background-image:url('https://bromptondemo.files.wordpress.com/2019/08/cafe-768771_1920.jpg');\"><div class=\"wp-block-cover__inner-container\"><!-- wp:paragraph {\"align\":\"center\",\"placeholder\":\"Write title…\",\"fontSize\":\"large\"} -->\n<p style=\"text-align:center;\" class=\"has-large-font-size\"></p>\n<!-- /wp:paragraph --></div></div>\n<!-- /wp:cover -->\n\n<!-- wp:spacer {\"height\":32,\"className\":\"desktop-only\"} -->\n<div style=\"height:32px;\" aria-hidden=\"true\" class=\"wp-block-spacer desktop-only\"></div>\n<!-- /wp:spacer -->\n\n<!-- wp:heading {\"align\":\"center\",\"level\":1} -->\n<h1 class=\"has-text-align-center\">Crea el sitio web de tu pequeña empresa</h1>\n<!-- /wp:heading -->\n\n<!-- wp:paragraph -->\n<p>¡<em>Brompton</em>&nbsp;está listo para trabajar para ti! Tanto si acabas de lanzarte al mundo del emprendedor y tienes grandes ideas que compartir como si hace tiempo que tienes tu propia empresa y quieres mejorar tu presencia online, el tema&nbsp;<em>Brompton</em>&nbsp;te ayudará a mejorar tu sitio web.</p>\n<!-- /wp:paragraph -->\n\n<!-- wp:paragraph -->\n<p>Para aprender a configurar tu sitio web para que tenga la misma apariencia que en esta demostración, consulta la documentación de&nbsp;<a href=\"https://wordpress.com/theme/brompton\"><em>Brompton</em></a>.<br></p>\n<!-- /wp:paragraph -->",
            "post_name": "home",
            "post_excerpt": "",
            "menu_order": 0,
            "post_status": "publish",
            "comment_status": "closed",
            "ping_status": "closed",
            "hs_old_id": 4,
            "hs_post_parent": 0,
            "hs_taxonomies": [],
            "hs_custom_meta": "_hs_front_page"
        },
        {
            "post_type": "page",
            "post_title": "Nuestra historia",
            "post_content": "<!-- wp:paragraph -->\n<p>Los visitantes querrán saber quién es la persona que se encuentra detrás de la página. Usa este espacio para escribir sobre ti, tu sitio, tu empresa o lo que quieras. Utiliza estos testimonios para dar la voz a otras personas, que respalden lo que tú explicas, pero con sus propias palabras.</p>\n<!-- /wp:paragraph -->\n\n<!-- wp:paragraph -->\n<p>Esto es contenido de ejemplo que se incluye en la plantilla para ilustrar sus características. Elimínalo o reemplázalo con tus propias palabras y elementos multimedia.</p>\n<!-- /wp:paragraph -->\n\n<!-- wp:spacer {\"height\":32,\"className\":\"desktop-only\"} -->\n<div style=\"height:32px;\" aria-hidden=\"true\" class=\"wp-block-spacer desktop-only\"></div>\n<!-- /wp:spacer -->\n\n<!-- wp:heading {\"align\":\"center\",\"level\":3} -->\n<h3 class=\"has-text-align-center\">Qué dice la gente</h3>\n<!-- /wp:heading -->\n\n<!-- wp:columns {\"align\":\"wide\"} -->\n<div class=\"wp-block-columns alignwide\"><!-- wp:column -->\n<div class=\"wp-block-column\"><!-- wp:quote {\"className\":\"is-style-default\"} -->\n<blockquote class=\"wp-block-quote is-style-default\"><p>Mi empresa y Bromtpon son como la sal y la pimienta, mantequilla y mermelada, Batman y Robin, el yin y el yang, los arcoíris y las ollas de oro, Papá Noel y las galletas: son un conjunto perfecto.</p><cite>John</cite></blockquote>\n<!-- /wp:quote --></div>\n<!-- /wp:column -->\n\n<!-- wp:column -->\n<div class=\"wp-block-column\"><!-- wp:quote -->\n<blockquote class=\"wp-block-quote\"><p>Este tema ha ayudado a mi empresa a ser lo que es hoy: excelente, tremendamente exitosa y avanzada a su época. Mis productos se venden con mucha rapidez, y realmente creo que tengo que agradecer Brompton&nbsp;por ello.</p><cite>Caroline</cite></blockquote>\n<!-- /wp:quote --></div>\n<!-- /wp:column --></div>\n<!-- /wp:columns -->",
            "post_name": "about",
            "post_excerpt": "",
            "menu_order": 0,
            "post_status": "publish",
            "comment_status": "closed",
            "ping_status": "closed",
            "hs_old_id": 1,
            "hs_post_parent": 0,
            "hs_taxonomies": [],
            "hs_custom_meta": "_hs_extra"
        },
        {
            "post_type": "post",
            "post_title": "Cómo crear una página web de éxito para una pequeña empresa",
            "post_content": "<!-- wp:paragraph -->\n<p>¡<em>Brompton</em>está listo para trabajar para ti! Tanto si acabas de lanzarte al mundo del emprendedor y tienes grandes ideas que compartir como si hace tiempo que tienes tu propia empresa y quieres mejorar tu presencia online, el tema <em>Brompton</em> te ayudará a mejorar tu sitio web.</p>\n<!-- /wp:paragraph -->\n\n<!-- wp:paragraph -->\n<p>Para aprender a configurar tu sitio web para que tenga la misma apariencia que en esta demostración, consulta la documentación de <a href=\"https://wordpress.com/theme/brompton\"><em>Brompton</em></a>.</p>\n<!-- /wp:paragraph -->\n\n<!-- wp:image {\"align\":\"wide\",\"id\":43,\"sizeSlug\":\"large\"} -->\n<figure class=\"wp-block-image alignwide size-large\"><img src=\"https://bromptondemo.files.wordpress.com/2019/07/feet-pier-sneakers-17465.jpg?w=1024\" alt=\"\" class=\"wp-image-43\"  /></figure>\n<!-- /wp:image -->",
            "post_name": "the-journey-begins",
            "post_excerpt": "",
            "menu_order": 0,
            "post_status": "publish",
            "comment_status": "closed",
            "ping_status": "closed",
            "hs_old_id": 41,
            "hs_post_parent": 0,
            "hs_taxonomies": {
                "category_name": [
                    "Quotes"
                ],
                "post_tag_name": []
            },
            "hs_custom_meta": "_hs_extra"
        },
        {
            "post_type": "post",
            "post_title": "Los mejores temas de WordPress para pequeñas empresas",
            "post_content": "<!-- wp:paragraph -->\n<p>¿Te gusta este tema?&#160;<a href=\"http://wordpress.com/themes/brompton/\">¡Obtén más información sobre cómo configurarlo aquí!</a></p>\n<!-- /wp:paragraph -->\n\n<!-- wp:paragraph -->\n<p>¡Haz que el sitio web de tu pequeña empresa tenga un aspecto atractivo con este nuevo tema!</p>\n<!-- /wp:paragraph -->\n\n<!-- wp:paragraph -->\n<p>Aprovecha los marcos Agile para proporcionar un resumen sólido para descripciones generales. Los enfoques iterativos de la estrategia corporativa mejoran el pensamiento colaborativo para mejorar así la proposición de valor general. Haz crecer de manera natural el punto de vista holístico de la innovación disruptiva mediante la diversidad y el empoderamiento en el espacio de trabajo.</p>\n<!-- /wp:paragraph -->\n\n<!-- wp:paragraph -->\n<p>Ofrece estrategias de supervivencia beneficiosas para todos para asegurar una dominación proactiva. De ahora en adelante, una nueva normalidad que ha evolucionado de la generación X va de camino hacia las soluciones simplificadas en la nube. El contenido generado por los usuarios en tiempo real tendrá varios puntos de contacto para la externalización.</p>\n<!-- /wp:paragraph -->",
            "post_name": "thursday-specials",
            "post_excerpt": "",
            "menu_order": 0,
            "post_status": "publish",
            "comment_status": "closed",
            "ping_status": "closed",
            "hs_old_id": 47,
            "hs_post_parent": 0,
            "hs_taxonomies": {
                "category_name": [
                    "Artwork"
                ],
                "post_tag_name": []
            },
            "hs_custom_meta": "_hs_extra"
        }
    ],
    "menus": {
        "main-menu": {
            "name": "Menú principal",
            "items": [
                {
                    "menu-item-title": "Página de inicio",
                    "menu-item-db-id": 24,
                    "menu-item-object-id": "24",
                    "menu-item-object": "custom",
                    "menu-item-type": "custom",
                    "menu-item-status": "publish",
                    "menu-item-position": 1,
                    "menu-item-parent-id": "0",
                    "menu-item-description": "",
                    "menu-item-url": "/"
                },
                {
                    "menu-item-title": "Nuestra historia",
                    "menu-item-db-id": 52,
                    "menu-item-object-id": "1",
                    "menu-item-object": "page",
                    "menu-item-type": "post_type",
                    "menu-item-status": "publish",
                    "menu-item-position": 2,
                    "menu-item-parent-id": "0",
                    "menu-item-description": ""
                },
                {
                    "menu-item-title": "Noticias",
                    "menu-item-db-id": 27,
                    "menu-item-object-id": "14",
                    "menu-item-object": "page",
                    "menu-item-type": "post_type",
                    "menu-item-status": "publish",
                    "menu-item-position": 3,
                    "menu-item-parent-id": "0",
                    "menu-item-description": ""
                },
                {
                    "menu-item-title": "Contacto",
                    "menu-item-db-id": 37,
                    "menu-item-object-id": "34",
                    "menu-item-object": "page",
                    "menu-item-type": "post_type",
                    "menu-item-status": "publish",
                    "menu-item-position": 4,
                    "menu-item-parent-id": "0",
                    "menu-item-description": ""
                }
            ]
        },
        "social": {
            "name": "Redes sociales",
            "items": [
                {
                    "menu-item-title": "Facebook",
                    "menu-item-db-id": 29,
                    "menu-item-object-id": "29",
                    "menu-item-object": "custom",
                    "menu-item-type": "custom",
                    "menu-item-status": "publish",
                    "menu-item-position": 1,
                    "menu-item-parent-id": "0",
                    "menu-item-description": "",
                    "menu-item-url": "http://facebook.com"
                },
                {
                    "menu-item-title": "Instagram",
                    "menu-item-db-id": 30,
                    "menu-item-object-id": "30",
                    "menu-item-object": "custom",
                    "menu-item-type": "custom",
                    "menu-item-status": "publish",
                    "menu-item-position": 2,
                    "menu-item-parent-id": "0",
                    "menu-item-description": "",
                    "menu-item-url": "http://instagram.com"
                },
                {
                    "menu-item-title": "Twitter",
                    "menu-item-db-id": 31,
                    "menu-item-object-id": "31",
                    "menu-item-object": "custom",
                    "menu-item-type": "custom",
                    "menu-item-status": "publish",
                    "menu-item-position": 3,
                    "menu-item-parent-id": "0",
                    "menu-item-description": "",
                    "menu-item-url": "http://twitter.com"
                },
                {
                    "menu-item-title": "Pinterest",
                    "menu-item-db-id": 32,
                    "menu-item-object-id": "32",
                    "menu-item-object": "custom",
                    "menu-item-type": "custom",
                    "menu-item-status": "publish",
                    "menu-item-position": 4,
                    "menu-item-parent-id": "0",
                    "menu-item-description": "",
                    "menu-item-url": "http://pinterest.com"
                }
            ]
        }
    },
    "images": [
        "https://bromptondemo.files.wordpress.com/2019/08/bar-cafe-container-furniture-1089570-1.jpg",
        "https://bromptondemo.files.wordpress.com/2019/08/cafe-768771_1920.jpg",
        "https://bromptondemo.files.wordpress.com/2019/07/cropped-logo-new-1.png",
        "https://bromptondemo.files.wordpress.com/2019/07/computer-study.jpg",
        "https://bromptondemo.files.wordpress.com/2019/07/cropped-logo-new.png",
        "https://bromptondemo.files.wordpress.com/2019/07/logo-new.png",
        "https://bromptondemo.files.wordpress.com/2019/07/cropped-logo.png",
        "https://bromptondemo.files.wordpress.com/2019/07/feet-pier-sneakers-17465.jpg",
        "https://bromptondemo.files.wordpress.com/2019/07/blogging-coffee-copywriting-34601.jpg"
    ]
}