{
    "settings": {
        "options": {
            "show_on_front": "page",
            "featured-content": false
        },
        "theme_mods": {
            "0": false,
            "nav_menu_locations": {
                "menu-1": "main-menu",
                "menu-2": null,
                "social": "social"
            },
            "custom_css_post_id": -1,
            "hide_front_page_title": true
        },
        "headstart": {
            "mapped_id_options": [],
            "mapped_id_theme_mods": [],
            "keep_submenu_items": true
        }
    },
    "widgets": [],
    "content": [
        {
            "post_type": "page",
            "post_title": "Партнеры",
            "post_content": "<!-- wp:columns -->\n<div class=\"wp-block-columns\"><!-- wp:column -->\n<div class=\"wp-block-column\"><!-- wp:image {\"id\":12,\"sizeSlug\":\"large\"} -->\n<figure class=\"wp-block-image size-large\"><img src=\"https://stratforddemo.files.wordpress.com/2019/08/logo6.png\" alt=\"\" class=\"wp-image-12\"  /></figure>\n<!-- /wp:image --></div>\n<!-- /wp:column -->\n\n<!-- wp:column -->\n<div class=\"wp-block-column\"><!-- wp:image {\"id\":11,\"sizeSlug\":\"large\"} -->\n<figure class=\"wp-block-image size-large\"><img src=\"https://stratforddemo.files.wordpress.com/2019/08/logo5.png\" alt=\"\" class=\"wp-image-11\"  /></figure>\n<!-- /wp:image --></div>\n<!-- /wp:column -->\n\n<!-- wp:column -->\n<div class=\"wp-block-column\"><!-- wp:image {\"id\":10,\"sizeSlug\":\"large\"} -->\n<figure class=\"wp-block-image size-large\"><img src=\"https://stratforddemo.files.wordpress.com/2019/08/logo4.png\" alt=\"\" class=\"wp-image-10\"  /></figure>\n<!-- /wp:image --></div>\n<!-- /wp:column -->\n\n<!-- wp:column -->\n<div class=\"wp-block-column\"><!-- wp:image {\"id\":9,\"sizeSlug\":\"large\"} -->\n<figure class=\"wp-block-image size-large\"><img src=\"https://stratforddemo.files.wordpress.com/2019/08/logo3.png\" alt=\"\" class=\"wp-image-9\"  /></figure>\n<!-- /wp:image --></div>\n<!-- /wp:column -->\n\n<!-- wp:column -->\n<div class=\"wp-block-column\"><!-- wp:image {\"id\":8,\"sizeSlug\":\"large\"} -->\n<figure class=\"wp-block-image size-large\"><img src=\"https://stratforddemo.files.wordpress.com/2019/08/logo2.png\" alt=\"\" class=\"wp-image-8\"  /></figure>\n<!-- /wp:image --></div>\n<!-- /wp:column --></div>\n<!-- /wp:columns -->",
            "post_name": "partners",
            "post_excerpt": "",
            "menu_order": 0,
            "post_status": "publish",
            "comment_status": "closed",
            "ping_status": "closed",
            "hs_old_id": 99,
            "hs_post_parent": 0,
            "hs_taxonomies": [],
            "hs_custom_meta": "_hs_extra"
        },
        {
            "post_type": "page",
            "post_title": "Контакты",
            "post_content": "<!-- wp:paragraph -->\n<p>Будем рады получить от вас отклик! Мы всегда рады ответить на ваши вопросы или получить комментарии о том, как улучшить наши услуги.</p>\n<!-- /wp:paragraph -->\n\n<!-- wp:spacer {\"height\":32,\"className\":\"desktop-only\"} -->\n<div style=\"height:32px;\" aria-hidden=\"true\" class=\"wp-block-spacer desktop-only\"></div>\n<!-- /wp:spacer -->\n\n<!-- wp:columns {\"align\":\"wide\"} -->\n<div class=\"wp-block-columns alignwide\"><!-- wp:column -->\n<div class=\"wp-block-column\"><!-- wp:heading -->\n<h2>Связаться с нами</h2>\n<!-- /wp:heading -->\n\n<!-- wp:jetpack/contact-info -->\n<div class=\"wp-block-jetpack-contact-info\"><!-- wp:jetpack/address {\"address\":\"123 Main St.\",\"city\":\"Chicago\",\"region\":\"IL\",\"postal\":\"60007\",\"linkToGoogleMaps\":true} -->\n<div class=\"wp-block-jetpack-address\"><a href=\"https://www.google.com/maps/search/123+Main St.,+Chicago,+IL,+60007\" target=\"_blank\" rel=\"noopener noreferrer\" title=\"Открыть адрес на Google Картах\"><div class=\"jetpack-address__address jetpack-address__address1\">Главная ул., д. 123</div><div><span class=\"jetpack-address__city\">Чикаго</span>, <span class=\"jetpack-address__region\">Иллинойс</span> <span class=\"jetpack-address__postal\">60007</span></div></a></div>\n<!-- /wp:jetpack/address -->\n\n<!-- wp:jetpack/phone {\"phone\":\"(555) 555 1234\"} -->\n<div class=\"wp-block-jetpack-phone\"><a href=\"tel:5555551234\">(555) 555 1234</a></div>\n<!-- /wp:jetpack/phone -->\n\n<!-- wp:jetpack/email {\"email\":\"mail@example.com\"} -->\n<div class=\"wp-block-jetpack-email\"><a href=\"mailto:mail@example.com\">mail@example.com</a></div>\n<!-- /wp:jetpack/email --></div>\n<!-- /wp:jetpack/contact-info --></div>\n<!-- /wp:column -->\n\n<!-- wp:column -->\n<div class=\"wp-block-column\"><!-- wp:heading -->\n<h2>Отправить сообщение</h2>\n<!-- /wp:heading -->\n\n<!-- wp:jetpack/contact-form -->\n<!-- wp:jetpack/field-name {\"required\":true} /-->\n\n<!-- wp:jetpack/field-email {\"required\":true} /-->\n\n<!-- wp:jetpack/field-url /-->\n\n<!-- wp:jetpack/field-textarea /-->\n<!-- /wp:jetpack/contact-form --></div>\n<!-- /wp:column --></div>\n<!-- /wp:columns -->",
            "post_name": "contact",
            "post_excerpt": "",
            "menu_order": 0,
            "post_status": "publish",
            "comment_status": "closed",
            "ping_status": "closed",
            "hs_old_id": 34,
            "hs_post_parent": 0,
            "hs_taxonomies": [],
            "hs_custom_meta": "_hs_extra"
        },
        {
            "post_type": "page",
            "post_title": "Новости",
            "post_content": "",
            "post_name": "news-all",
            "post_excerpt": "",
            "menu_order": 0,
            "post_status": "publish",
            "comment_status": "closed",
            "ping_status": "closed",
            "hs_old_id": 19,
            "hs_post_parent": 0,
            "hs_taxonomies": [],
            "hs_custom_meta": "_hs_blog_page"
        },
        {
            "post_type": "page",
            "post_title": "Новости",
            "post_content": "<!-- wp:cover {\"url\":\"https://bromptondemo.files.wordpress.com/2019/08/bar-cafe-container-furniture-1089570-1.jpg\",\"id\":109,\"dimRatio\":0,\"align\":\"full\"} -->\n<div class=\"wp-block-cover alignfull\" style=\"background-image:url('https://bromptondemo.files.wordpress.com/2019/08/bar-cafe-container-furniture-1089570-1.jpg');\"><div class=\"wp-block-cover__inner-container\"><!-- wp:paragraph {\"align\":\"center\",\"placeholder\":\"Write title…\",\"fontSize\":\"large\"} -->\n<p style=\"text-align:center;\" class=\"has-large-font-size\"></p>\n<!-- /wp:paragraph --></div></div>\n<!-- /wp:cover -->\n\n<!-- wp:a8c/posts-list {\"postsPerPage\":4} /-->\n\n<!-- wp:spacer {\"height\":32,\"className\":\"desktop-only\"} -->\n<div style=\"height:32px;\" aria-hidden=\"true\" class=\"wp-block-spacer desktop-only\"></div>\n<!-- /wp:spacer -->\n\n<!-- wp:separator {\"className\":\"is-style-wide\"} -->\n<hr class=\"wp-block-separator is-style-wide\"  />\n<!-- /wp:separator -->\n\n<!-- wp:spacer {\"height\":32,\"className\":\"desktop-only\"} -->\n<div style=\"height:32px;\" aria-hidden=\"true\" class=\"wp-block-spacer desktop-only\"></div>\n<!-- /wp:spacer -->\n\n<!-- wp:heading {\"level\":3} -->\n<h3>Следите за нащим блогом</h3>\n<!-- /wp:heading -->\n\n<!-- wp:paragraph -->\n<p>Получайте новое содержимое прямо на почту.</p>\n<!-- /wp:paragraph -->\n\n<!-- wp:jetpack/subscriptions -->\n<div class=\"wp-block-jetpack-subscriptions\">[jetpack_subscription_form show_only_email_and_button=\"true\" custom_background_button_color=\"undefined\" custom_text_button_color=\"undefined\" submit_button_text=\"Subscribe\" submit_button_classes=\"undefined\" show_subscribers_total=\"false\" ]</div>\n<!-- /wp:jetpack/subscriptions -->",
            "post_name": "news",
            "post_excerpt": "",
            "menu_order": 0,
            "post_status": "publish",
            "comment_status": "closed",
            "ping_status": "closed",
            "hs_old_id": 14,
            "hs_post_parent": 0,
            "hs_taxonomies": [],
            "hs_custom_meta": "_hs_extra"
        },
        {
            "post_type": "page",
            "post_title": "Главная страница",
            "post_content": "<!-- wp:cover {\"url\":\"https://bromptondemo.files.wordpress.com/2019/08/cafe-768771_1920.jpg\",\"id\":106,\"dimRatio\":0,\"align\":\"full\"} -->\n<div class=\"wp-block-cover alignfull\" style=\"background-image:url('https://bromptondemo.files.wordpress.com/2019/08/cafe-768771_1920.jpg');\"><div class=\"wp-block-cover__inner-container\"><!-- wp:paragraph {\"align\":\"center\",\"placeholder\":\"Write title…\",\"fontSize\":\"large\"} -->\n<p style=\"text-align:center;\" class=\"has-large-font-size\"></p>\n<!-- /wp:paragraph --></div></div>\n<!-- /wp:cover -->\n\n<!-- wp:spacer {\"height\":32,\"className\":\"desktop-only\"} -->\n<div style=\"height:32px;\" aria-hidden=\"true\" class=\"wp-block-spacer desktop-only\"></div>\n<!-- /wp:spacer -->\n\n<!-- wp:heading {\"align\":\"center\",\"level\":1} -->\n<h1 class=\"has-text-align-center\">Создайте свой небольшой коммерческий веб-сайт</h1>\n<!-- /wp:heading -->\n\n<!-- wp:paragraph -->\n<p><em>«Бромптон»</em>&nbsp;готов работать для вас! Если вы - начинающий предприниматель с кучей идей, которыми хочется поделиться, или профессионал, который хочет улучшить свое присутствие онлайн, &nbsp;<em>сценарий «Бромптон»</em>&nbsp;поможет вам продвинуть свой веб-сайт.</p>\n<!-- /wp:paragraph -->\n\n<!-- wp:paragraph -->\n<p>Чтобы узнать, как настроить свой веб-сайт аналогично с этим образцом, изучите документацию&nbsp;<a href=\"https://wordpress.com/theme/brompton\"><em>»Бромптон»</em></a>.<br></p>\n<!-- /wp:paragraph -->",
            "post_name": "home",
            "post_excerpt": "",
            "menu_order": 0,
            "post_status": "publish",
            "comment_status": "closed",
            "ping_status": "closed",
            "hs_old_id": 4,
            "hs_post_parent": 0,
            "hs_taxonomies": [],
            "hs_custom_meta": "_hs_front_page"
        },
        {
            "post_type": "page",
            "post_title": "О нас",
            "post_content": "<!-- wp:paragraph -->\n<p>Читатели захотят узнать, кто создает материалы, которые им нравятся. Здесь вы можете рассказать о себе, своем сайте, бизнесе или о чем угодно. Используйте окно отзывов ниже, чтобы привести мнение других людей. Это даже могут быть высказывания об одном и том же, но разными словами.</p>\n<!-- /wp:paragraph -->\n\n<!-- wp:paragraph -->\n<p>Это шаблонный текст для демонстрации возможных функций. Вы можете заменить его на свой текст или аудио- и видеоматериалы.</p>\n<!-- /wp:paragraph -->\n\n<!-- wp:spacer {\"height\":32,\"className\":\"desktop-only\"} -->\n<div style=\"height:32px;\" aria-hidden=\"true\" class=\"wp-block-spacer desktop-only\"></div>\n<!-- /wp:spacer -->\n\n<!-- wp:heading {\"align\":\"center\",\"level\":3} -->\n<h3 class=\"has-text-align-center\">О нас говорят</h3>\n<!-- /wp:heading -->\n\n<!-- wp:columns {\"align\":\"wide\"} -->\n<div class=\"wp-block-columns alignwide\"><!-- wp:column -->\n<div class=\"wp-block-column\"><!-- wp:quote {\"className\":\"is-style-default\"} -->\n<blockquote class=\"wp-block-quote is-style-default\"><p>Мой бизнес и «Бромптон»  - как соль и перец, арахисовое масло и желе, Бэтмен и Робин, «Фонз» и «круто», радуга и горшки с золотом, Санта и печенья - они отлично сочетаются.</p><cite>Джон</cite></blockquote>\n<!-- /wp:quote --></div>\n<!-- /wp:column -->\n\n<!-- wp:column -->\n<div class=\"wp-block-column\"><!-- wp:quote -->\n<blockquote class=\"wp-block-quote\"><p>Этот сценарий сделал мой бизнес тем, чем он является сейчас - выдающимся, очень успешным, прогрессивным. Мои продукты быстро раскупают, и я на самом деле думаю, что мне стоит благодарить за это «Бромптон»&nbsp;.</p><cite>Каролина</cite></blockquote>\n<!-- /wp:quote --></div>\n<!-- /wp:column --></div>\n<!-- /wp:columns -->",
            "post_name": "about",
            "post_excerpt": "",
            "menu_order": 0,
            "post_status": "publish",
            "comment_status": "closed",
            "ping_status": "closed",
            "hs_old_id": 1,
            "hs_post_parent": 0,
            "hs_taxonomies": [],
            "hs_custom_meta": "_hs_extra"
        },
        {
            "post_type": "post",
            "post_title": "Как создать небольшой бизнес-сайт",
            "post_content": "<!-- wp:paragraph -->\n<p><em>«Бромптон»</em> готов поработать для вас! Если вы - начинающий предприниматель с кучей идей, которыми хочется поделиться, или профессионал, который хочет улучшить свое присутствие онлайн, <em>сценарий «Бромптон»</em> поможет вам продвинуть свой веб-сайт.</p>\n<!-- /wp:paragraph -->\n\n<!-- wp:paragraph -->\n<p>Чтобы узнать, как настроить свой веб-сайт аналогично с этим образцом, изучите документацию<a href=\"https://wordpress.com/theme/brompton\"><em>»Бромптон»</em> </a>.</p>\n<!-- /wp:paragraph -->\n\n<!-- wp:image {\"align\":\"wide\",\"id\":43,\"sizeSlug\":\"large\"} -->\n<figure class=\"wp-block-image alignwide size-large\"><img src=\"https://bromptondemo.files.wordpress.com/2019/07/feet-pier-sneakers-17465.jpg?w=1024\" alt=\"\" class=\"wp-image-43\"  /></figure>\n<!-- /wp:image -->",
            "post_name": "the-journey-begins",
            "post_excerpt": "",
            "menu_order": 0,
            "post_status": "publish",
            "comment_status": "closed",
            "ping_status": "closed",
            "hs_old_id": 41,
            "hs_post_parent": 0,
            "hs_taxonomies": {
                "category_name": [
                    "Quotes"
                ],
                "post_tag_name": []
            },
            "hs_custom_meta": "_hs_extra"
        },
        {
            "post_type": "post",
            "post_title": "Лучшие сценарии WordPress для малого бизнеса",
            "post_content": "<!-- wp:paragraph -->\n<p>Нравится этот сценарий?&#160;<a href=\"http://wordpress.com/themes/brompton/\">Узнайте здесь, как его установить!</a></p>\n<!-- /wp:paragraph -->\n\n<!-- wp:paragraph -->\n<p>С помощью этого нового сценарий вы сможете сделать свой веб-сайт зрелищным!</p>\n<!-- /wp:paragraph -->\n\n<!-- wp:paragraph -->\n<p>Используйте гибкие рамочные условия для создания оптимальных обзоров с большой наглядностью. Итеративные подходы к корпоративной стратегии стимулируют совместное мышление для дальнейшего продвижения общих ценностей. Органично развивайте целостное мировоззрение на взрывные инновации за счет разнообразия рабочих мест и расширения прав и возможностей.</p>\n<!-- /wp:paragraph -->\n\n<!-- wp:paragraph -->\n<p>Используйте беспроигрышные стратегии выживания для обеспечения проактивного доминирования. В результате, в перспективе появится новый стандарт, который эволюционировал из поколения X, в отношении усовершенствованного облачного решения. Пользовательский контент, создаваемый в режиме реального времени, будет иметь много точек соприкосновения в отношении офшоринга.</p>\n<!-- /wp:paragraph -->",
            "post_name": "thursday-specials",
            "post_excerpt": "",
            "menu_order": 0,
            "post_status": "publish",
            "comment_status": "closed",
            "ping_status": "closed",
            "hs_old_id": 47,
            "hs_post_parent": 0,
            "hs_taxonomies": {
                "category_name": [
                    "Artwork"
                ],
                "post_tag_name": []
            },
            "hs_custom_meta": "_hs_extra"
        }
    ],
    "menus": {
        "main-menu": {
            "name": "Главное меню",
            "items": [
                {
                    "menu-item-title": "Главная страница",
                    "menu-item-db-id": 24,
                    "menu-item-object-id": "24",
                    "menu-item-object": "custom",
                    "menu-item-type": "custom",
                    "menu-item-status": "publish",
                    "menu-item-position": 1,
                    "menu-item-parent-id": "0",
                    "menu-item-description": "",
                    "menu-item-url": "/"
                },
                {
                    "menu-item-title": "О нас",
                    "menu-item-db-id": 52,
                    "menu-item-object-id": "1",
                    "menu-item-object": "page",
                    "menu-item-type": "post_type",
                    "menu-item-status": "publish",
                    "menu-item-position": 2,
                    "menu-item-parent-id": "0",
                    "menu-item-description": ""
                },
                {
                    "menu-item-title": "Новости",
                    "menu-item-db-id": 27,
                    "menu-item-object-id": "14",
                    "menu-item-object": "page",
                    "menu-item-type": "post_type",
                    "menu-item-status": "publish",
                    "menu-item-position": 3,
                    "menu-item-parent-id": "0",
                    "menu-item-description": ""
                },
                {
                    "menu-item-title": "Контакты",
                    "menu-item-db-id": 37,
                    "menu-item-object-id": "34",
                    "menu-item-object": "page",
                    "menu-item-type": "post_type",
                    "menu-item-status": "publish",
                    "menu-item-position": 4,
                    "menu-item-parent-id": "0",
                    "menu-item-description": ""
                }
            ]
        },
        "social": {
            "name": "Социальные сети",
            "items": [
                {
                    "menu-item-title": "Facebook",
                    "menu-item-db-id": 29,
                    "menu-item-object-id": "29",
                    "menu-item-object": "custom",
                    "menu-item-type": "custom",
                    "menu-item-status": "publish",
                    "menu-item-position": 1,
                    "menu-item-parent-id": "0",
                    "menu-item-description": "",
                    "menu-item-url": "http://facebook.com"
                },
                {
                    "menu-item-title": "Instagram",
                    "menu-item-db-id": 30,
                    "menu-item-object-id": "30",
                    "menu-item-object": "custom",
                    "menu-item-type": "custom",
                    "menu-item-status": "publish",
                    "menu-item-position": 2,
                    "menu-item-parent-id": "0",
                    "menu-item-description": "",
                    "menu-item-url": "http://instagram.com"
                },
                {
                    "menu-item-title": "Twitter",
                    "menu-item-db-id": 31,
                    "menu-item-object-id": "31",
                    "menu-item-object": "custom",
                    "menu-item-type": "custom",
                    "menu-item-status": "publish",
                    "menu-item-position": 3,
                    "menu-item-parent-id": "0",
                    "menu-item-description": "",
                    "menu-item-url": "http://twitter.com"
                },
                {
                    "menu-item-title": "Pinterest",
                    "menu-item-db-id": 32,
                    "menu-item-object-id": "32",
                    "menu-item-object": "custom",
                    "menu-item-type": "custom",
                    "menu-item-status": "publish",
                    "menu-item-position": 4,
                    "menu-item-parent-id": "0",
                    "menu-item-description": "",
                    "menu-item-url": "http://pinterest.com"
                }
            ]
        }
    },
    "images": [
        "https://bromptondemo.files.wordpress.com/2019/08/bar-cafe-container-furniture-1089570-1.jpg",
        "https://bromptondemo.files.wordpress.com/2019/08/cafe-768771_1920.jpg",
        "https://bromptondemo.files.wordpress.com/2019/07/cropped-logo-new-1.png",
        "https://bromptondemo.files.wordpress.com/2019/07/computer-study.jpg",
        "https://bromptondemo.files.wordpress.com/2019/07/cropped-logo-new.png",
        "https://bromptondemo.files.wordpress.com/2019/07/logo-new.png",
        "https://bromptondemo.files.wordpress.com/2019/07/cropped-logo.png",
        "https://bromptondemo.files.wordpress.com/2019/07/feet-pier-sneakers-17465.jpg",
        "https://bromptondemo.files.wordpress.com/2019/07/blogging-coffee-copywriting-34601.jpg"
    ]
}